é¢‘é“ç½‘å€,é¢‘é“æ ‡é¢˜,,,,,,
http://www.youtube.com/channel/UC-Gdjh0hQDeKHdqm4RrFPdw,DEEPIN LINUX,,,,,,
http://www.youtube.com/channel/UC-KUicWatasCOiB5ylEl0Mw,Resident Evil  Mod,,,,,,
http://www.youtube.com/channel/UC06ZfP4ru4C8uV6nkq58IuQ,è‡ªç”±äºšæ´²ç”µå°,,,,,,
http://www.youtube.com/channel/UC0A5S7szcwQPiLXMVrQckmw,äººäººéƒ½è¯¥æ‡‚çš„ç»æµå­?UC1AF30bJkIVzif2POp4JY7Q,http://www.youtube.com/channel/UC1AF30bJkIVzif2POp4JY7Q,carlotta champagne,,,,
http://www.youtube.com/channel/UC1BihPFt_MIZCT47Bxw8amw,å…»çŠ¬å…„å¦¹,,,,,,
http://www.youtube.com/channel/UC1Lk6WO-eKuYc6GHYbKVY2g,ä¸­ç’°å­«è€å¸« Mr. Central Official,,,,,,
http://www.youtube.com/channel/UC1mx_wcSHtfpLk5N_zY0TRg,Leonard,,,,,,
http://www.youtube.com/channel/UC4bokYuSrVGpI6_WYv7Gdbw,The News Lens é—œéµè©•è«–ç¶?UC4hQbfN_ZRy4lSngWxuhHxA,http://www.youtube.com/channel/UC4hQbfN_ZRy4lSngWxuhHxA,ma ko,,,,
http://www.youtube.com/channel/UC4hj_kGS1hpKoZuw0zK0LOw,å¤§ä½¬æ—¶å…‰,,,,,,
http://www.youtube.com/channel/UC5uh3zVGmvyQoks_LxBJ-5Q,ä¸­å›½é’å¹´éƒ‘å›½æˆ?UC689uDf0ryZniKpuSK9ESTw,http://www.youtube.com/channel/UC689uDf0ryZniKpuSK9ESTw,Thomasé˜¿ç¦,,,,
http://www.youtube.com/channel/UC6LHN4GnT2ui5wRBQanNKxQ,Semenix Gaming,,,,,,
http://www.youtube.com/channel/UC6QQqrR3gmTLQfq_KZJq62g,äº”èŠ±å…«é—¨,,,,,,
http://www.youtube.com/channel/UC6SFn7338NvtYXaD29o2xrA,Comeè¾£é’Š,,,,,,
http://www.youtube.com/channel/UC6WrPiP_kXZHQwHS7u1XYXw,Unknow Thing,,,,,,
http://www.youtube.com/channel/UC6_9Cc_E2mVctgcujfg228w,å°å‚¬å²è¯å®è¯´,,,,,,
http://www.youtube.com/channel/UC6qsR4lMYwAXjI4gYlP6sWw,Kçº¿æ•™ä¸?UC8UCbiPrm2zN9nZHKdTevZA,http://www.youtube.com/channel/UC8UCbiPrm2zN9nZHKdTevZA,ç‹å‰‘æ¯æ—¥è§‚å¯ŸKim's Observation,,,,
http://www.youtube.com/channel/UC8cvMM9KgegWx-twfK7a5iA,å§šè¯š,,,,,,
http://www.youtube.com/channel/UC97VRsljSmClzdoDoqa3wCw,å¤©ç‹—è¡›è¦–,,,,,,
http://www.youtube.com/channel/UC9RM-iSvTu1uPJb8X5yp3EQ,Wendover Productions,,,,,,
http://www.youtube.com/channel/UC9kOupnRoiKdeOJILgQ1CsA,ç¨‹åºå‘˜å°é£?UCA0o60mhG0v2Eha8wSL3_Jw,http://www.youtube.com/channel/UCA0o60mhG0v2Eha8wSL3_Jw,çª®å¥¢æ¥µæ¬²,,,,
http://www.youtube.com/channel/UCAuUUnT6oDeKwE6v1NGQxug,TED,,,,,,
http://www.youtube.com/channel/UCBhnI7_z3NIJmneNe7wjlPw,Velvet Tube ë²¨ë²³íŠœë¸Œ,,,,,,
http://www.youtube.com/channel/UCBkGMys0mYl3Myxh3CTsASA,MMCrypto,,,,,,
http://www.youtube.com/channel/UCBmvf6wos8gAmBXBs_AQ2AQ,ç½—æ‹‰ç”µå½±,,,,,,
http://www.youtube.com/channel/UCBwaTcS-zFGOLob09hOcrfQ,SunSpeak,,,,,,
http://www.youtube.com/channel/UCDn7xX75LdFtg7hiEFTaUsg,å¤©ä¸‹è‹ç”Ÿ,,,,,,
http://www.youtube.com/channel/UCDrmDcLjnmIQk-xtNuJ42Sw,é“¾æ±‚å?UCERQZLRMniqsMlgBxme32cQ,http://www.youtube.com/channel/UCERQZLRMniqsMlgBxme32cQ,Funnycatsandnicefish,,,,
http://www.youtube.com/channel/UCEtNsBHaG-x1kD8C_vWMQHg,è’‹å§”å‘˜é•¿,,,,,,
http://www.youtube.com/channel/UCFUfSKKDtX40ftAUfreGzbQ,ç«ç«æ˜Ÿæ˜Ÿ,,,,,,
http://www.youtube.com/channel/UCGf98FJIiU5mPSyAYG99NAQ,é˜¿æ³¢ç½—æ–°é—»ç½‘ - çƒ­ç‚¹ç›´å‡»,,,,,,
http://www.youtube.com/channel/UCGk6a7H-nVkhuOpEayY38YA,éŒ¢ä¸Ÿä¸Ÿæ–‡æ˜ç¥è©±è¬›è§?UCHkR3JnDhl5gLCsiAlGiZ6A,http://www.youtube.com/channel/UCHkR3JnDhl5gLCsiAlGiZ6A,è˜‡å°å’Œã€Šæ‰¹è©•æ›¸ã€?UCKWaEZ-_VweaEx1j62do_vQ,http://www.youtube.com/channel/UCKWaEZ-_VweaEx1j62do_vQ,IBM Cloud,,
http://www.youtube.com/channel/UCKjq5UrlxXqb7EgPwZl5JNg,í‘¸ë“œìŠ¤í† ë¦?FoodStory,,,,,,
http://www.youtube.com/channel/UCKkCdfmNL6EEcSaMFiSfxIg,PJ ski,,,,,,
http://www.youtube.com/channel/UCLGc06neR5yyiIRnWScfoRA,å§œç»´å¹?UCLRb-MUKSK75ItiP068OtTQ,http://www.youtube.com/channel/UCLRb-MUKSK75ItiP068OtTQ,Inty IRL,,,,
http://www.youtube.com/channel/UCL_6y6pug2cYoYCYvXDbgHA,ä¸åä¸å¿«çš„æœ‰è´§å›,,,,,,
http://www.youtube.com/channel/UCMaIUUiDpda0examwVXshIA,å³°å“¥äº¡å‘½å¤©æ¶¯,,,,,,
http://www.youtube.com/channel/UCMcDqLHgIuXWtWsqPEkqnWA,Erlong Wu,,,,,,
http://www.youtube.com/channel/UCO3pO3ykAUybrjv3RBbXEHw,éƒ­æ–‡è´?UCOk_qgWaR7b9JmB1sSI3TnA,http://www.youtube.com/channel/UCOk_qgWaR7b9JmB1sSI3TnA,GEN3 OWL CHANNEL,,,,
http://www.youtube.com/channel/UCP5tjEmvPItGyLhmjdwP7Ww,RealLifeLore,,,,,,
http://www.youtube.com/channel/UCPNfoYdMopKZKlaTB92g-QQ,å°å”TV,,,,,,
http://www.youtube.com/channel/UCPVnRZ2saBau4tyzI6KbfrA,è€è‘£æœ‰è¯è¯?UCPxB0vpNpmHN0hORXK4gj2A,http://www.youtube.com/channel/UCPxB0vpNpmHN0hORXK4gj2A,é—²èŠæ¾³æ´²,,,,
http://www.youtube.com/channel/UCRxAgfYexGLlu1WHGIMUDqw,JunsKitchen,,,,,,
http://www.youtube.com/channel/UCT1bntiyx4PFDFr8h1wqYCA,ITä¿®çœŸé™¢ITä¿®çœŸé™?UCUKWRSN7AbGjJ8-_k2PJr5A,http://www.youtube.com/channel/UCUKWRSN7AbGjJ8-_k2PJr5A,DJ Vavva - Topic,,,,
http://www.youtube.com/channel/UCUO3_hBJ2Cwpnk0xieC_ZvQ,MrFOX Thailand,,,,,,
http://www.youtube.com/channel/UCUXi5mmqbvIithAs9AaxEtw,æŸæ ¼é†«ç”Ÿä¸­æ–‡ å¥åº·çŸ¥è­˜,,,,,,
http://www.youtube.com/channel/UCVYN_6dCSN9yGImu4yGiXow,iizcat,,,,,,
http://www.youtube.com/channel/UCWUfqoMMwQQC6GS_wfsUeAw,showtimezTech,,,,,,
http://www.youtube.com/channel/UCX3g2Y_w3Fp4QA7VuTa0YUA,Jun Yoshizuki,,,,,,
http://www.youtube.com/channel/UCXQg8FJ_kp2awqhTD4G5djQ,æ— ä¿®é¥°çš„ä¸­å›½,,,,,,
http://www.youtube.com/channel/UCXdmBFVGjZyEO8OZwzUlKGQ,driver old,,,,,,
http://www.youtube.com/channel/UCYXiFjyLvFmEGgKiOp7lqbA,ã€Aha Videosã€?UCYbowORTLA3bN8mp0EHR-2w,http://www.youtube.com/channel/UCYbowORTLA3bN8mp0EHR-2w,ACM Tube,,,,
http://www.youtube.com/channel/UCYjd8tJecQPnyEbaqukg9mg,å…”é ­(TuTou),,,,,,
http://www.youtube.com/channel/UCYxfjQniftquQqn3gkOG1Yw,ç‹®å­åº§è´¢ç»?UCZ1Sc5xjWpUnp_o_lUTkvgQ,http://www.youtube.com/channel/UCZ1Sc5xjWpUnp_o_lUTkvgQ,The Grand Tour,,,,
http://www.youtube.com/channel/UCZNxe_9FQAK2Z3suwaZlwpQ,å†²æµªæ™®æ‹‰æ–?UCZVThl_MRppEdGUPGjXSSdg,http://www.youtube.com/channel/UCZVThl_MRppEdGUPGjXSSdg,ç”µä¸¸ç§‘æŠ€AK,,,,
http://www.youtube.com/channel/UCZYTClx2T1of7BRZ86-8fow,SciShow,,,,,,
http://www.youtube.com/channel/UCZuLqZ1_DBx2S6r_JE69q5g,æ–‡æ›°å°å¼ºâ€”â€”å®˜æ–¹é¢‘é?UC_9hhL2t1wOi_CBoSxSzIQQ,http://www.youtube.com/channel/UC_9hhL2t1wOi_CBoSxSzIQQ,Cup E,,,,
http://www.youtube.com/channel/UC_PbcoGSJzuFdOeAwS5x2vQ,The Food Club,,,,,,
http://www.youtube.com/channel/UC_W9KCxbtvTynzvhN8z4Ebw,å¼·æ‹†é€²è¡Œæ™?UCaMih5WXqoXq7Hg0S_XJdOg,http://www.youtube.com/channel/UCaMih5WXqoXq7Hg0S_XJdOg,Vedio Talk,,,,
http://www.youtube.com/channel/UCaSlyjhR4WC7QhYuaivxb6g,Nathan Rich,,,,,,
http://www.youtube.com/channel/UCam7dV9QUqvyo6jm5e4ApOA,å›´è§‚ä¸»ä¹‰,,,,,,
http://www.youtube.com/channel/UCb3TZ4SD_Ys3j4z0-8o6auA,BBC News ä¸­æ–‡,,,,,,
http://www.youtube.com/channel/UCbizw-yPapZ3Mj9dtDxjQzA,overseas contents,,,,,,
http://www.youtube.com/channel/UCc72-Txn0AK9YS3S_rGmgjA,Feg Token,,,,,,
http://www.youtube.com/channel/UCcWBxfaO69GPOFHSArNET2Q,ç¿çœ¼çœ‹ä¸–ç•?UCdKyM0XmuvQrD0o5TNhUtkQ,http://www.youtube.com/channel/UCdKyM0XmuvQrD0o5TNhUtkQ,æ˜é¡ç«æ‹,,,,
http://www.youtube.com/channel/UCeRB6QC6LfN88asOM7iW-BA,Martin Jacques,,,,,,
http://www.youtube.com/channel/UCfb1VoSCsIS7kIXMTYNhvXw,Observe CCP ä¸­å›½è§‚å¯Ÿ é€è§†ä¸­å…±,,,,,,
http://www.youtube.com/channel/UCg0pVEi7hMVSxCbdxeJ0VZA,The Ulengovs,,,,,,
http://www.youtube.com/channel/UCgLUl1WDoDXUtxPaZeSZHsw,æè‡ªç„¶è¯´,,,,,,
http://www.youtube.com/channel/UCgNg3vwj3xt7QOrcIDaHdFg,PolyMatter,,,,,,
http://www.youtube.com/channel/UCgdlXOW8N2pJwJxJ_7ZUIUw,Cup E,,,,,,
http://www.youtube.com/channel/UCghLs6s95LrBWOdlZUCH4qw,stoneè®?UCh4QrR5V6reIojGpRqkTbYw,http://www.youtube.com/channel/UCh4QrR5V6reIojGpRqkTbYw,MoneyXYZ,,,,
http://www.youtube.com/channel/UCh5v81ZkIGvjjwXN3tXNtPA,ä¸€å®¶ä¹‹è¨€,,,,,,
http://www.youtube.com/channel/UCh9cJDc1t-61Sshd8LzBRFw,è´¢ç»çœŸç›¸,,,,,,
http://www.youtube.com/channel/UChd2pu4FrdbvvbFxP0s_C7g,å­™å©·å©·è¦å˜æˆä¸ªå¤§ç˜¦å­,,,,,,
http://www.youtube.com/channel/UCiZSPvdt_O-QNWbsEhH4_ZQ,Mask Mané¢å…·äº?UCiiV8stcewhoCNyiErr7GtA,http://www.youtube.com/channel/UCiiV8stcewhoCNyiErr7GtA,ì•¼ë¯¸ë³´ì´ Yummyboy,,,,
http://www.youtube.com/channel/UCj4KP216972cPp2w_BAHy8g,WILDERNESS COOKING,,,,,,
http://www.youtube.com/channel/UCjJklW6MyT2yjHEOrRu-FOA,è’™é¢è´¢ç»MaskFinance,,,,,,
http://www.youtube.com/channel/UCkHrq03gWLLx6vjS2DOJ8aA,sun riches,,,,,,
http://www.youtube.com/channel/UClS1mgEIYLN9k03_B9o2DCw,å­å¼˜é—²è°ˆ,,,,,,
http://www.youtube.com/channel/UCm3Ysfy0iXhGbIDTNNwLqbQ,è·¯å¾·ç¤¾LUDE Media,,,,,,
http://www.youtube.com/channel/UCmFx_cKijkM1lbZYUvnqA1Q,Stories of Animals,,,,,,
http://www.youtube.com/channel/UCn9_KbNANeyYREePe8YA2DA,è´¢ç»å†·çœ¼,,,,,,
http://www.youtube.com/channel/UCo2MfT5bZezV5YClHlXs63A,å›½å£«å­¦æ´¾,,,,,,
http://www.youtube.com/channel/UCp_4uBQ-1bzM4TKNTF-5tmQ,çŒ«çœ¼å„¿è§‚ä¸–ç•Œ,,,,,,
http://www.youtube.com/channel/UCqNjrTWWzIxca7WTWdt1FoA,é©¬å…ˆ,,,,,,
http://www.youtube.com/channel/UCqOecsBLULnuUtls0tISTCw,Timestorm Films,,,,,,
http://www.youtube.com/channel/UCqdsQ_zFOQ098kLvIsbWu2w,è€å´Alien,,,,,,
http://www.youtube.com/channel/UCrGSFNEBmCN0rqhATZels2Q,å…¬å­æ²?UCrUI5mqQeZTiWui5UF0DsxA,http://www.youtube.com/channel/UCrUI5mqQeZTiWui5UF0DsxA,James Blackwood - Raccoon Whisperer,,,,
http://www.youtube.com/channel/UCrmRhJoIXkaCPJLX_mqnbqQ,å¾æ°æ…¢åŠæ‹?UCsVX4NKKFhUjjlvG3Ks1uXQ,http://www.youtube.com/channel/UCsVX4NKKFhUjjlvG3Ks1uXQ,å¹å£ç´çš„å°å›­å›?UCt5zpwa264A0B-gaYtv1IpA,http://www.youtube.com/channel/UCt5zpwa264A0B-gaYtv1IpA,ç¾å›½ä¹‹éŸ³ä¸­æ–‡ç½?UCtZnYMV8Rn_tBqOkoBCAuhQ,http://www.youtube.com/channel/UCtZnYMV8Rn_tBqOkoBCAuhQ,ç›´æ’­ç´ç´„
http://www.youtube.com/channel/UCtsBdo4iyxD5cL_KQBsSLcA,è‚‰è›‹å„¿æœ‰ä¸ªå–µmeow,,,,,,
http://www.youtube.com/channel/UCuzHgvagLFyK15BH17doP4A,powersee,,,,,,
http://www.youtube.com/channel/UCvUJ6BwgUGWBHuUd0cv546g,å°å®å­?UCvpX0E9dK-40zwYShv186oA,http://www.youtube.com/channel/UCvpX0E9dK-40zwYShv186oA,æè‚…Hi5ç¬¬ä¸€é »é“,,,,
http://www.youtube.com/channel/UCwnpR-ZbF_-QFMmR08cVT-Q,å³æ—¥è§†è¯„,,,,,,
http://www.youtube.com/channel/UCxX_j5ZJOHnwV-yzS6uZHpg,è´ä¹æ–?Think Analyze Invest,,,,,,
http://www.youtube.com/channel/UCy6kyFxaMqGtpE3pQTflK8A,Real Time with Bill Maher,,,,,,
http://www.youtube.com/channel/UCyPnYuz4KpewBGmkZgfSNmg,å«–å¸å¤§å¸ˆ,,,,,,
http://www.youtube.com/channel/UCzO1HA0jDjlVM6rOGfZ0ysg,GreatFire.org,,,,,,
